Title,URL,View,Published,Channel,Description
Check Hindi Dubbed Full Movie [4K Ultra HD] | Nithiin | Rakul Preet | PriyaVarrier | Aditya Movies,https://www.youtube.com/watch?v=NpJ6lnbgi_s,38M views,8 days ago,Aditya Movies,"Welcome To Aditya Movies Watch & Enjoy #Check Hindi Dubbed Full Movie starring Nithiin, Rakul Preet Singh, Priya Varrier, Simran Choudary Exclusively on Aditya Movies. #Hindimovies #SouthMovie..."
Muchir Bondhu Kotipoti | ‡¶Æ‡ßÅ‡¶ö‡¶ø‡¶∞ ‡¶¨‡¶®‡ßç‡¶ß‡ßÅ ‡¶ï‡ßã‡¶ü‡¶ø‡¶™‡¶§‡¶ø | Akash Ranjan | Rezmin Setu | Onamika | Natok 2022,https://www.youtube.com/watch?v=lxn9bCIt-qE,1M views,5 days ago,Gollachut Entertainment,Drama : Muchir Bondhu Kotipoti Story : Shagorika Rani Das Script & Direction : Akash Ranjan Producer : Shujan Mahmud Exicutive Producer : Mustak Mukul Production House : Bhaishob production
"‡¶∏‡¶§‡ßç‡¶Ø‡¶ï‡ßá ‡¶¢‡ßá‡¶ï‡ßá ‡¶Æ‡¶ø‡¶•‡ßç‡¶Ø‡¶æ ‡¶∂‡ßá‡¶ñ‡¶æ‡¶®‡ßã ‡¶π‡¶ö‡ßç‡¶õ‡ßá ‡¶Ü‡¶Æ‡¶æ‡¶¶‡ßá‡¶∞, ‡¶∏‡¶§‡ßç‡¶Ø ‡¶ú‡¶æ‡¶®‡ßÅ‡¶® || ‡¶á‡¶§‡¶ø‡¶π‡¶æ‡¶∏‡ßá‡¶∞ ‡¶Ü‡¶∏‡¶≤ ‡¶∞‡ßÅ‡¶™|| Behind The History || vol-1",https://www.youtube.com/watch?v=wOr8GVI-1OU,863K views,3 days ago,Elias Hossain,"""‡¶∏‡¶§‡ßç‡¶Ø‡¶ï‡ßá ‡¶¢‡ßá‡¶ï‡ßá ‡¶Æ‡¶ø‡¶•‡ßç‡¶Ø‡¶æ ‡¶∂‡ßá‡¶ñ‡¶æ‡¶®‡ßã ‡¶π‡¶ö‡ßç‡¶õ‡ßá ‡¶Ü‡¶Æ‡¶æ‡¶¶‡ßá‡¶∞, ‡¶∏‡¶§‡ßç‡¶Ø ‡¶ú‡¶æ‡¶®‡ßÅ‡¶® || ‡¶á‡¶§‡¶ø‡¶π‡¶æ‡¶∏‡ßá‡¶∞ ‡¶Ü‡¶∏‡¶≤ ‡¶∞‡ßÅ‡¶™|| Behind..."
‡¶ï‡¶æ‡¶ú‡ßá‡¶∞ ‡¶Æ‡ßá‡¶Ø‡¶º‡ßá ‡¶Ø‡¶ñ‡¶® ‡¶¨‡¶â ‡•§ Prank King ‡•§ New Natok ‡•§ Shagor Mirza ‡•§ Saila Sathy ‡•§ New Bangla Natok 2022,https://www.youtube.com/watch?v=G7p3lF42UAU,7.3M views,13 days ago,Sristy multimedia,‡¶ï‡¶æ‡¶ú‡ßá‡¶∞ ‡¶Æ‡ßá‡¶Ø‡¶º‡ßá ‡¶Ø‡¶ñ‡¶® ‡¶¨‡¶â ‡•§ Prank King ‡•§ New Natok ‡•§ Shagor Mirza ‡•§ Saila Sathy ‡•§ New Bangla Natok 2022 | ‡¶π‡ßç‡¶Ø‡¶æ‡¶≤‡ßã ‡¶¨‡ßá‡¶Ø‡¶º‡¶æ‡¶á‡¶®‡¶∏‡¶æ‡¶¨ | Hello...
Knowledge is more important than money || MOBILE GAME ADS BE LIKE #shorts,https://www.youtube.com/watch?v=zShWcYOxZNY,9.3M views,4 days ago,SMOL,"""An investment in knowledge pays the best interest."" - Benjamin Franklin. #shorts #mobilegame Join us in the Tik Tok üëâ https://www.tiktok.com/@smol.official and Facebook üëâ https://www.face..."
REKKA | ‡¶∞‡ßá‡¶ï‡ßç‡¶ï‡¶æ Full Movie In Bangla | Tamil Bengali Dubbed | New Bangla Movie,https://www.youtube.com/watch?v=nV0q1mVO9Fg,842K views,4 days ago,WAM Movies Bengali,"Rekka is a 2016 Indian Tamil-language action comedy film written and directed by Rathina Shiva. The film features Vijay Sethupathi, Lakshmi Menon, and Sija Rose in the lead roles, while Sathish,..."
Dashing Racer | ‡¶°‡ßç‡¶Ø‡¶æ‡¶∂‡¶ø‡¶Ç ‡¶∞‡ßá‡¶∏‡¶æ‡¶∞ Full Movie In Bangla | Tamil Bengali Dubbed,https://www.youtube.com/watch?v=tex7KhEzI1k,2.2M views,10 days ago,WAM Movies Bengali,"Thirumalai, a mechanic, falls in love with Sweta. However, her father, the owner of a TV channel, is unhappy with their relationship. He takes Arasu help to create differences between the couple...."
OLOT PALOT | ‡¶ì‡¶≤‡¶ü ‡¶™‡¶æ‡¶≤‡¶ü | Bangla Natok | Mosharraf Karim | Tanjin Tisha | New Bangla Natok 2022,https://www.youtube.com/watch?v=z0WdUxc3ff4,5.7M views,13 days ago,CMV,"Presenting S R Mozumder's Drama of ‚ÄúOlot Palot‚Äù, Script & Direction S R Mozumder, Starring Mosharraf Karim, Tanjin Tisha, Shahbaz Sunny & Many more. Producer SK Shahed Ali Pappu & Produced..."
Dukaandar ne Police ‡§µ‡§æ‡§≤‡•á ‡§ï‡•ã ‡§â‡§≤‡•ç‡§≤‡•Ç ‡§¨‡§®‡§æ‡§Ø‡§æ ü§£ü§£ü§£,https://www.youtube.com/watch?v=WaKIRsLrlk0,36M views,8 days ago,grandmasti arpit,
‡¶π‡ßç‡¶Ø‡¶æ‡¶≤‡ßã ‡¶¨‡ßá‡¶Ø‡¶º‡¶æ‡¶á‡¶®‡¶∏‡¶æ‡¶¨ | Hello Beainshab | Episode 01 | Prank King | New Bangla Natok 2022,https://www.youtube.com/watch?v=FgLyZAgHVT8,1.3M views,6 days ago,Prank King Entertainment,‡¶π‡ßç‡¶Ø‡¶æ‡¶≤‡ßã ‡¶¨‡ßá‡¶Ø‡¶º‡¶æ‡¶á‡¶®‡¶∏‡¶æ‡¶¨ | Hello Beainshab | Episode 01 | Prank King | New Bangla Natok 2022 | Arthik Sazib | Miraz Khan | Arohi Mim | Shaila Sathy | Shagor Mirza | Sakib...
‡¶ü‡¶æ‡¶®‡¶æ ‡ß© ‡¶¶‡¶ø‡¶® ‡¶≤‡ßá‡¶ó‡ßÅ‡¶®‡¶æ‡¶∞ ‡¶π‡ßá‡¶≤‡¶™‡¶æ‡¶∞‡¶ø ‡¶ï‡¶∞‡ßá ‡¶ö‡¶æ‡¶∞ ‡¶Ü‡¶∏‡¶æ‡¶Æ‡¶ø ‡¶ß‡¶∞‡¶≤‡ßá‡¶® ‡¶è‡¶∏‡¶Ü‡¶á! ‡¶∏‡¶ø‡¶®‡ßá‡¶Æ‡¶æ‡¶∞ ‡¶ó‡¶≤‡ßç‡¶™‡¶ï‡ßá‡¶ì ‡¶π‡¶æ‡¶∞ ‡¶Æ‡¶æ‡¶®‡¶æ‡¶≤‡ßã ‡¶™‡ßÅ‡¶≤‡¶ø‡¶∂‡ßá‡¶∞ ‡¶Ø‡ßá ‡¶§‡¶¶‡¶®‡ßç‡¶§,https://www.youtube.com/watch?v=puP-2TLqdaI,331K views,3 days ago,Ruposhi Bangla Tv,‡¶≠‡¶ø‡¶°‡¶ø‡¶ì‡¶ü‡¶ø ‡¶≠‡¶æ‡¶≤ ‡¶≤‡¶æ‡¶ó‡¶≤‡ßá ‡¶≤‡¶æ‡¶á‡¶ï ‡¶¶‡¶ø‡¶® ‡¶ì ‡¶∏‡¶¨‡¶æ‡¶á‡¶ï‡ßá ‡¶¶‡ßá‡¶ñ‡¶æ‡¶∞ ‡¶∏‡ßÅ‡¶Ø‡ßã‡¶ó ‡¶ï‡¶∞‡ßá ‡¶¶‡¶ø‡¶§‡ßá Share ‡¶∂‡ßá‡¶Ø‡¶º‡¶æ‡¶∞ ‡¶ï‡¶∞‡ßÅ‡¶®‡•§...
Jese Ko Tesa üôèüèªüòé #shorts #youtubeshorts #comedy,https://www.youtube.com/watch?v=9w5QaiL_obg,51M views,6 days ago,Jomy Production,
‡¶â‡¶®‡¶ø ‡¶Ü‡¶Æ‡¶æ‡¶∞ ‡¶ï‡¶æ‡¶õ‡ßá ‡¶¶‡ßÅ‡¶á ‡¶ó‡¶æ‡¶≤‡ßá ‡¶ö‡ßÅ‡¶Æ‡ßÅ ‡¶ö‡ßá‡¶Ø‡¶º‡ßá‡¶õ‡ßá: ‡¶®‡¶ø‡¶™‡ßÅ‡¶® | Nipun | FDC Election | News | Ekattor TV,https://www.youtube.com/watch?v=qPp0vj5h-Y8,1.3M views,3 days ago,Ekattor TV,‡¶â‡¶®‡¶ø ‡¶Ü‡¶Æ‡¶æ‡¶∞ ‡¶ï‡¶æ‡¶õ‡ßá ‡¶¶‡ßÅ‡¶á ‡¶ó‡¶æ‡¶≤‡ßá ‡¶ö‡ßÅ‡¶Æ‡ßÅ ‡¶ö‡ßá‡¶Ø‡¶º‡ßá‡¶õ‡ßá: ‡¶®‡¶ø‡¶™‡ßÅ‡¶® #Nipun #BFDC #Election #Press_conference #pirjada_harun #Zayed_Khan #Banglanews...
Flexiload | ‡¶´‡ßç‡¶≤‡ßá‡¶ï‡ßç‡¶∏‡¶ø‡¶≤‡ßã‡¶° | Shamim Hasan Sarkar | Jannat Akther Shuchi | Anwar | New Bangla Natok 2022,https://www.youtube.com/watch?v=q7IMPtKgYjA,1.1M views,7 days ago,CD Vision Drama,"To Watch More CD Vision Drama, SUBSCRIBE Now ‚ñ∫ https://goo.gl/T4PhfM @CD Vision Official @CD Vision Plus @CD Vision Music @CD Vision Watch Presenting Bangla new Natok Flexiload. The Bangla..."
Miss Crush | ‡¶Æ‡¶ø‡¶∏ ‡¶ï‡ßç‡¶∞‡¶æ‡¶∂ | Prottoy Heron | Alongkar Chowdhury | New Bangla Natok 2022 | Rtv Drama,https://www.youtube.com/watch?v=JRbZvc2_H9U,506K views,5 days ago,Rtv Drama,"#Rtv #Drama #MissCrush #ProttoyHeron #AlongkarChowdhury #NewNatok2022 Drama : Miss Crush Cast : Prottoy Heron, Alongkar Chowdhury,..."
‡¶Ö‡¶¨‡¶ø‡¶ö‡¶æ‡¶∞‡ßá‡¶∞ ‡¶π‡¶æ‡¶§‡¶ø‡¶Ø‡¶º‡¶æ‡¶∞ ‡¶Ø‡¶ñ‡¶® ‡¶Æ‡¶æ‡¶Æ‡¶≤‡¶æ,https://www.youtube.com/watch?v=h90L1uckmy4,420K views,Streamed 5 days ago,DW ‡¶ñ‡¶æ‡¶≤‡ßá‡¶¶ ‡¶Æ‡ßÅ‡¶π‡¶ø‡¶â‡¶¶‡ßç‡¶¶‡ßÄ‡¶® ‡¶ú‡¶æ‡¶®‡¶§‡ßá ‡¶ö‡¶æ‡¶Ø‡¶º,‚Äò‡¶Ü‡¶ì‡¶Ø‡¶º‡¶æ‡¶Æ‡ßÄ‚Äô ‡¶∂‡¶¨‡ßç‡¶¶ ‡¶¨‡¶ø‡¶ï‡ßÉ‡¶§‡¶ø‡¶∞ ‡¶¶‡¶æ‡¶Ø‡¶º‡ßá ‡¶¶‡¶∂ ‡¶¨‡¶õ‡¶∞‡ßá‡¶∞ ‡¶ï‡¶æ‡¶∞‡¶æ‡¶¶‡¶£‡ßç‡¶° ‡¶ï‡¶ø ‡¶∏‡¶Æ‡¶∞‡ßç‡¶•‡¶®‡¶Ø‡ßã‡¶ó‡ßç‡¶Ø? ‡¶∂‡¶æ‡¶π‡¶ú‡¶æ‡¶≤‡¶æ‡¶≤‡ßá...
Deja en comentarios cuantos hemos saltado ü§òüèª #shorts,https://www.youtube.com/watch?v=7L8lgwt9J-g,136M views,4 weeks ago,Alex Segura LR - Canal Secundario,
"‡¶®‡¶æ‡¶ü‡¶ï - ‡¶Ü‡¶Æ‡¶ø ‡¶°‡¶ø‡¶≠‡ßã‡¶∞‡ßç‡¶∏ ‡¶ö‡¶æ‡¶á | Bangla Natok - Ami Divorce Chai | Emon, Himi, Tamim Mridha, | New Natok",https://www.youtube.com/watch?v=PbvOnHELUAg,159K views,1 day ago,GTV Entertainment,Subscribe Our Channel: https://www.youtube.com/channel/UCCNGtLTGyYKm6RhVzrnyPCA?sub_confirmation=1 ‡¶¨‡¶æ‡¶Ç‡¶≤‡¶æ ‡¶®‡¶æ‡¶ü‡¶ï - ‡¶Ü‡¶Æ‡¶ø ‡¶°‡¶ø‡¶≠‡ßã‡¶∞‡ßç‡¶∏ ‡¶ö‡¶æ‡¶á Bangla Natok -...
Chori Chori Chupke Chupke [Title Song] | Salman Khan | Rani Mukherjee | Preity Zinta,https://www.youtube.com/watch?v=-YdrOJnekSM,3.9M views,2 days ago,Hindi Songs HD,"Movie: Chori Chori Chupke Chupke (2001) Song: Title Song Artist: Salman Khan, Preity Zinta, Rani Mukherjee Singer: Alka Yagnik, Babul Supriyo Lyrics: Sameer Music Director: Anu Malik Director:..."
‡¶∞‡¶æ‡¶ï‡¶ø‡¶¨ ‡¶ï‡ßá ‡¶∂‡ßÄ‡¶§‡ßá‡¶∞ ‡¶Æ‡¶ß‡ßç‡¶Ø‡ßá ‡¶†‡¶æ‡¶®‡ßç‡¶°‡¶æ ‡¶™‡¶æ‡¶®‡¶ø ‡¶¶‡¶ø‡¶Ø‡¶º‡ßá ‡¶ó‡ßã‡¶∏‡¶≤ ‡¶ï‡¶∞‡¶ø‡¶Ø‡¶º‡ßá ‡¶¶‡¶ø‡¶≤‡ßã | Yes Or No Challenge | Rakib Hosain,https://www.youtube.com/watch?v=m7pnfrPUbo4,940K views,4 days ago,Rakib Hossain,‡¶∞‡¶æ‡¶ï‡¶ø‡¶¨ ‡¶ï‡ßá ‡¶∂‡ßÄ‡¶§‡ßá‡¶∞ ‡¶Æ‡¶ß‡ßç‡¶Ø‡ßá ‡¶†‡¶æ‡¶®‡ßç‡¶°‡¶æ ‡¶™‡¶æ‡¶®‡¶ø ‡¶¶‡¶ø‡¶Ø‡¶º‡ßá ‡¶ó‡ßã‡¶∏‡¶≤ ‡¶ï‡¶∞‡¶ø‡¶Ø‡¶º‡ßá ‡¶¶‡¶ø‡¶≤‡ßã | Yes Or No Challenge | Rakib Hosain...
